number,delta,value,yield,tick_width,tick,tick_lower,tick_upper,el,theta,tau,mu,sigma
18550204,0.042836802956467614,1.0025736430175478,0.002573643017547811,850,199918,199495,200345,0.0022437060869181266,3.7062906541486487e-08,7200,2.6549742469970873e-07,0.0004546440886143422
