number,delta,value,yield,tick_width,tick,tick_lower,tick_upper,el,theta,tau,mu,sigma
18550195,5.315101365011139,1.0008420080634823,0.0008420080634823357,106300,199915,146770,253070,0.002244023646482423,1.1166650023899578e-08,7200,2.6549742469970873e-07,0.0004546440886143422
