number,delta,value,yield,tick_width,tick,tick_lower,tick_upper,el,theta,tau,mu,sigma
14783050,0.03842414717580918,1.0953571008265697,0.09535710082656967,760,199689,199310,200070,0.0038407991470544344,1.1740549640390095e-07,50400,2.6549742469970873e-07,0.0004546440886143422
