number,delta,value,yield,tick_width,tick,tick_lower,tick_upper,el,theta,tau,mu,sigma
178001708,2.3110871125636723,1.0013421248640753,0.0013421248640752559,46200,-75189,-98280,-52080,0.17328099724466764,1.9312959516477348e-09,345600,6.330962693803822e-09,8.925529399682249e-05
