number,delta,value,yield,tick_width,tick,tick_lower,tick_upper,el,theta,tau,mu,sigma
14732650,6.878114690664481,1.0064830464490515,0.0064830464490515105,137560,197589,128810,266370,0.002256302951043785,2.1506086341634267e-08,50400,2.6549742469970873e-07,0.0004546440886143422
