number,delta,value,yield,tick_width,tick,tick_lower,tick_upper,el,theta,tau,mu,sigma
19169959,6.626507472054689,1.001645920266395,0.0016459202663949846,132400,-56484,-122600,9800,0.41341506912934506,1.06636542236179e-07,7200,4.367291957495651e-07,0.000716994553723327
