mu,sigma
2.6549742469970873e-07,0.0004546440886143422
