mu,sigma
4.367291957495651e-07,0.0007169945537233272
