mu,sigma
1.1139013490814991e-06,0.0011721174995373408
