mu,sigma
6.330962693803822e-09,8.925529399682249e-05
