mu,sigma
2.6556259845791364e-07,0.00045582799763588657
